o,unknown,0
zurina,female,100
vedran,male,99
carl,male,98
lonnie,male,97
boyu,male,97
angel,male,100
wahyuni,female,96
witz,male,79
yunsheng,male,92
a.s.i.i.i.,unknown,0
dany,male,73
hongliang,male,95
tamra,female,96
xinglan,female,75
vincent,male,99
alice,female,98
rosmaliati,unknown,0
loeske,female,75
norman,male,99
mitchell,male,97
misha,male,68
lawrence,male,98
ani,female,82
rivka,female,99
mladen,male,99
alison,female,93
husnul,female,64
ye,male,75
ramli,male,99
wesley,male,99
dongnhat,unknown,0
stacy,female,92
sydney,female,70
yintao,male,86
setyawati,female,100
harvey,male,99
qiran,unknown,50
caitlin,female,99
gayathri,female,98
yichen,male,52
cary,male,64
jie,male,61
mafrur,unknown,0
lewis,male,99
charlie,male,85
sandra,female,98
yunrong,unknown,50
alistair,male,99
tyler,male,97
massimiliano,male,99
satoshi,male,99
can,male,95
nicholas,male,100
jannice,female,90
geena,female,97
sherwin,male,96
didar,male,72
louisette,female,97
decker,male,84
jingwei,male,78
zhen,male,64
tianlin,male,75
fanfu,unknown,0
fernando,male,99
haiyun,unknown,50
yaowu,male,100
màrcio,male,100
caren,female,96
hety,female,87
giuseppe,male,99
yongxiao,male,75
hardi,male,96
debra,female,99
hazel,female,99
yuichi,male,99
nestor,male,99
eddiemae,unknown,0
feras,male,98
hunter,male,100
marie,female,97
lorin,female,52
nobuo,male,100
sharon,female,96
tina,female,98
yanfu,male,75
abd,male,97
alessio,male,99
hooshmand,male,97
keiner,male,84
nicole,female,98
burak,male,97
darcy,female,87
seiichi,male,99
roxy,female,92
kastner,male,78
puteri,female,95
malcom,male,99
ignacio,male,99
pavan,male,99
selim,male,96
xiaonan,female,51
xiangjun,male,75
rizal,male,99
hannah,female,99
retnadi,unknown,0
sung,male,87
vera,female,98
jennifer,female,98
garland,male,88
varun,male,100
elmer,male,99
joaquim,male,99
mário,male,99
bartolomeu,male,99
dorothy,female,98
michaela,female,92
goerg,male,83
esteban,male,99
yasong,male,80
kylee,female,99
junbo,male,100
lutao,male,100
geraldo,male,99
debzani,unknown,0
ole,male,94
cheng,male,73
zhaokui,male,75
ana,female,97
antonio,male,99
atticus,male,100
festus,male,98
paris,male,75
julia,female,97
zadia,female,95
periklis,male,98
maxwell,male,100
seounghwan,male,100
jessica,female,98
mahdy,male,98
all,male,83
mateus,male,99
daria,female,97
yuchang,male,93
adrian,male,98
elsa,female,98
alvaro,male,99
choon,male,80
kent,male,98
tattiana,female,97
mohamad,male,98
chris,male,93
zhonghua,male,82
vivitskaia,unknown,0
elodie,female,98
eileen,female,99
saidah,female,98
deden,male,98
hough,male,80
ilan,male,97
marvin,male,99
changyin,male,75
ravi,male,99
shun,male,92
dmitri,male,99
anne,female,98
rabiu,male,97
carole,female,98
mike,male,99
aubrey,female,57
zhiting,unknown,50
pamalee,female,75
sunsern,male,92
yul,male,75
mihaela,female,98
xinhua,male,62
a.,male,71
kendra,female,98
hossein,male,99
joga,male,90
trey,male,98
cesar,male,99
hongyang,male,77
nima,male,89
dana,female,91
noah,male,96
levi,male,95
erhard,male,99
marjorie,female,98
zhenghua,male,79
fengming,male,86
zaitul,unknown,50
claudio,male,99
iris,female,97
jacqueline,female,98
jinbao,male,83
jessie,female,84
ying,female,89
zaiton,female,89
kiana,female,99
nurjannaton,unknown,0
louie,male,92
milutin,male,99
praveen,male,100
m.,male,73
junlin,male,86
guanghui,male,94
wallace,male,99
xilong,male,88
agus,male,95
dwi,male,53
chuck,male,99
shankar,male,100
p,unknown,0
margaret,female,98
qing,female,58
zhidong,male,100
jianeng,unknown,0
alannie,female,100
emiliano,male,100
gregory,male,99
yanngael,unknown,0
morgan,male,63
zhentao,male,100
feng,male,81
ichiro,male,99
johan,male,99
priscilla,female,98
onny,male,77
curt,male,99
xiaolong,male,99
xinwang,male,75
isabell,female,99
kaylyn,female,100
cailin,female,95
azin,female,86
reinaldo,male,99
doug,male,100
safuraa,female,75
salil,male,99
errol,male,99
wencheng,male,100
vaibhav,male,100
faison,male,91
zachary,male,100
aditya,male,99
cengiz,male,96
munzir,male,99
madhavan,male,99
hisham,male,98
susannah,female,99
ally,female,100
tri,male,66
rayo,male,74
nariyuki,male,80
rengasayee,unknown,0
nikki,female,93
derrick,male,99
fábio,male,99
fabrizio,male,99
lael,male,51
erica,female,98
jeremy,male,99
yonghee,male,88
ada,female,91
kimberlyn,female,100
antonia,female,98
gabrielle,female,97
p.c.t.,unknown,0
marloes,female,99
leonel,male,99
clinton,male,99
yingying,female,98
brynn,female,100
goro,male,93
fu,male,78
shaojie,male,81
lome,male,62
roemer,male,94
naomie,female,98
brittany,female,99
girish,male,100
krishanu,male,100
felix,male,98
meenakshi,female,94
puri,female,92
jener,male,95
jorg,male,98
xuejian,male,100
qixin,male,56
b.k.,male,94
jinwen,male,60
mieko,female,92
heinzwilhelm,unknown,0
gabriele,male,83
fumiaki,male,100
naveen,male,99
juli,female,63
sushmita,female,99
xudong,male,97
troy,male,99
alex,male,92
cory,male,89
anastasia,female,98
chuanglin,unknown,0
emily,female,98
shuang,female,64
verena,female,98
xingle,unknown,0
antoni,male,98
hillary,female,68
jana,female,98
cahya,male,64
gerardo,male,99
ron,male,99
xinlong,male,100
petra,female,98
sylvain,male,98
aemilianus,unknown,0
hai,male,84
zhaolin,male,78
braden,male,100
youghee,unknown,0
dieter,male,98
koen,male,100
igor,male,99
gregg,male,99
kuniko,female,100
weijin,male,82
israel,male,99
sonia,female,98
kleinner,unknown,0
skip,unknown,0
reed,male,99
sanna,female,93
davood,male,99
dimas,male,99
herry,male,98
denys,male,91
xingang,male,100
joao,male,99
de,male,70
dale,male,93
brigitte,female,98
deirdre,female,100
cheryl,female,98
elienai,female,51
yunian,unknown,50
marion,female,95
trevor,male,99
yanrong,female,85
hongxing,male,95
bertrand,male,96
jair,male,99
francois,male,98
hyesook,female,100
ujjal,male,99
eueung,male,75
ichsan,male,100
gail,female,97
alija,male,85
anlin,female,75
jingyong,male,67
sara,female,98
asano,male,53
anton,male,99
newton,male,98
braham,male,95
david,male,99
kitsap,male,75
ade,male,75
varavut,male,74
dongfeng,male,90
xiaowen,female,67
nafiseh,female,96
thierry,male,98
alfa,male,84
helen,female,98
eugene,male,97
hongpeng,male,100
eddy,male,97
sabarish,male,100
samuel,male,99
dino,male,98
evelyn,female,98
hartwell,male,100
lian,female,58
ruth,female,98
marian,male,62
motoko,female,90
deborah,female,98
gareth,male,99
leah,female,99
rodet,male,64
fraser,male,98
qianzhi,male,100
dennis,male,99
hansstefan,unknown,0
axel,male,98
xiao-hua,male,53
dorit,female,96
irene,female,98
xiaofan,male,72
arjun,male,100
beki,male,58
sarah,female,98
tze-hao,male,83
ong,male,72
herlina,female,98
alain,male,98
shangming,male,75
lorelei,female,99
selynna,female,75
babett,female,98
rod,male,98
mukesh,male,99
widyawardana,unknown,0
faranak,female,99
jungha,female,72
in,male,55
angelo,male,98
pramod,male,100
quoc,male,98
patricia,female,98
shao,male,72
fumin,male,92
fitri,female,92
weilin,male,61
maximilian,male,99
ju,male,55
sehwan,male,100
purdue,male,86
joy,female,79
yingjie,male,71
sabitha,female,94
ismail,male,97
yueqing,male,100
veronica,female,98
christianne,female,99
hanqing,male,83
tracy,female,91
behrooz,male,99
shidu,male,57
yuexiang,male,67
iswadi,male,100
apparao,male,99
ben,male,97
anya,female,99
machiel,male,98
jeffery,male,99
antony,male,99
bing,male,63
moriaki,male,100
paula,female,98
xiaodan,female,81
luyan,female,61
antonella,female,98
jingchuan,male,67
wahyudin,male,100
ander,male,98
anjan,male,98
Sumardi,male,98
y,unknown,0
e,unknown,0
minh,male,76
rose,female,100
cindy,female,98
mariano,male,99
xiangling,female,83
pete,male,99
makoto,male,95
alexandru,male,99
huaijun,male,75
zhiying,female,73
dinggang,unknown,0
amara,female,85
theresa,female,98
daqing,male,92
rifky,male,97
freddy,male,98
brandy,female,93
syam,male,97
blaine,male,99
eleanor,female,99
guilherme,male,99
pei,female,66
xiaolun,male,75
sussan,female,98
mengya,female,100
jochen,male,99
weijia,male,57
constance,female,99
sergey,male,100
suzanne,female,98
xiaochun,female,54
zhenzhen,female,93
mingming,female,53
hamed,male,98
eliot,male,97
theagenis,unknown,0
sameh,male,91
elias,male,99
márcio,male,99
l,unknown,0
catalina,female,97
arjon,male,95
jianfa,male,100
guillaume,male,99
te,male,65
darin,male,96
gabriela,female,98
joon,male,89
nae,female,53
prima,male,58
jean-marc,male,99
qiong,female,88
marino,male,95
maren,female,99
alejandro,male,99
harry,male,98
jens,male,99
walid,male,98
t.,male,69
md,male,97
michel,male,97
yanjie,unknown,50
jinghua,female,74
jasbir,male,90
juliana,female,98
grahame,male,98
guang,male,93
keisha,female,99
jianhui,male,90
shiwen,male,74
theo,male,97
yilong,male,98
robert,male,99
mirwan,male,100
gabriella,female,99
bernard,male,98
ding,male,70
warusia,unknown,0
suranai,male,75
lipeng,male,85
sergi,male,99
javier,male,99
ella,female,97
aaron,male,99
philip,male,99
kurt,male,99
nikos,male,99
kittisak,male,99
yifan,male,70
Suwarno,male,99
konstantinos,male,99
randyco,unknown,0
lingyan,female,90
carter,male,92
carson,male,97
łucja,female,97
yongyi,male,73
xiaoxu,male,61
yannick,male,96
moo,male,70
marizan,female,73
irwan,male,99
edwin,male,99
cherie,female,98
lijun,female,51
seton,male,93
heng,male,82
vanessa,female,98
chao,male,86
drew,male,96
barandi,male,100
tadeus,male,94
gede,male,98
daniele,male,87
meredith,female,98
lona,female,81
eka,female,63
yonglei,male,75
j.a.,male,88
barbara,female,98
jay,male,93
qianhong,unknown,0
devin,male,88
vinod,male,100
lois,female,80
brij,male,98
yulin,female,64
jihad,male,84
shengyong,male,100
xiaojun,male,76
khairul,male,98
joseph,male,99
ed,male,98
luis,male,99
henry,male,99
vivian,female,93
katharine,female,100
chiatse,male,75
chunxia,female,100
brett,male,98
raphael,male,99
jiaxing,male,89
ludwig,male,98
p.w.,male,78
ramona,female,98
kathleen,female,99
siddhartha,male,99
el,male,87
shan,male,73
reginald,male,98
danilo,male,99
appu,male,90
talha,male,98
leif,male,99
nurhilyana,unknown,0
grigory,male,99
hadi,male,98
pengzi,unknown,0
samanta,female,97
rachel,female,98
abdulazeez,male,98
zachariah,male,100
bjoern,male,100
cheol,male,100
zhaojie,male,100
linfeng,male,88
razvan,male,99
emanoel,male,99
new,male,71
linke,male,77
jeanne,female,97
behraz,male,60
yangmin,male,100
bambang,male,100
venkatesh,male,100
sophie,female,98
adel,male,95
durgesh,male,98
chunyang,male,83
sri,female,58
tilman,male,97
zhi-ting,female,59
kossi,male,98
alexandra,female,98
alysson,male,70
randel,male,98
yuquan,male,79
arilla,female,80
victoria,female,98
reza,male,97
woosup,male,75
mimi,female,88
krystyna,female,96
gustavo,male,99
logan,male,92
fabio,male,99
dawid,male,100
frederic,male,98
naixi,female,75
nikolay,male,100
sai,male,86
hazura,female,67
g,unknown,0
selan,male,67
clay,male,100
arne,male,98
yong-he,male,83
tony,male,99
zuo,male,61
shuangjie,male,100
radu,male,96
marius,male,99
julie,female,98
solomon,male,99
maxence,male,97
arief,male,99
jon,male,99
homeira,female,95
anasol,female,100
seungyoon,male,90
gary,male,99
zhiming,male,96
ekaterina,female,98
ujjwal,male,99
oju,male,89
harald,male,99
shiva,male,81
tobias,male,100
christine,female,98
tihana,female,99
wendy,female,96
menas,male,71
sudaryatno,unknown,0
akshay,male,100
irit,female,96
tsunefumi,male,75
safia,female,98
changxing,male,100
elfira,female,96
hendri,male,98
dixit,male,99
derek,male,99
zhong,male,73
christian,male,100
eko,male,97
paul,male,99
yuanyuan,female,90
tomas,male,99
jiehong,male,75
binjian,male,75
bao,male,77
yannan,female,53
erliza,female,92
asher,male,100
noufal,male,99
d.m.,male,63
xiaochuan,male,87
demercil,unknown,0
zhiwei,male,90
willi,male,97
robin,male,75
ivor,male,98
bin,male,89
anneka,female,100
svante,male,99
indra,male,88
kiran,male,80
lichi,female,55
abdallah,male,98
yanli,female,81
faiz,male,97
aikaterini,female,100
pingheng,unknown,0
stanton,male,97
zhao,male,68
dae,male,82
xi,male,50
jaafar,male,98
grzegorz,male,99
georges,male,98
ida,female,97
jackson,male,98
saeid,male,98
enrica,female,98
ashish,male,100
yinliang,male,100
bartosz,male,100
mingzhe,male,96
andreas,male,99
xueliang,male,92
fajar,male,96
haoyan,unknown,50
chaoke,male,75
danelle,female,96
xiangdong,male,100
stephan,male,99
erik,male,96
teguh,male,99
jaebeom,male,100
mohanraj,male,100
steven,male,99
zoe,female,95
mat,male,95
stoney,male,89
rizki,male,75
mina,female,88
dave,male,99
yongwei,male,81
aliasgar,male,99
ralph,male,99
zhonghao,male,88
leon,male,98
antje,female,98
nora,female,97
azadeh,female,98
heather,female,99
angie,female,98
corrie,female,84
victor,male,99
taylor,female,55
jezzy,female,54
hanso,male,93
dangheng,unknown,0
wendell,male,99
penny,female,93
christopher,male,99
malory,female,84
jiansong,male,100
keyvan,male,99
neil,male,99
karl-ludwig,male,100
gourav,male,100
umazi,female,100
billy,male,97
ahana,female,95
kym,female,77
chengyi,male,63
catalin,male,99
yuanhua,unknown,50
maleknaz,unknown,0
marta,female,98
lajos,male,98
jaewoo,male,99
pierluigi,male,99
megan,female,99
judith,female,98
anurag,male,100
andrea,female,54
xuejie,female,60
han,male,72
indranil,male,100
raymond,male,99
susanne,female,99
xiaohui,male,54
r,unknown,0
azreen,female,73
palle,male,96
glauco,male,99
fatimah,female,98
marinez,female,97
reid,male,99
charis,male,50
hooman,male,99
satoru,male,99
manu,male,85
elise,female,97
illah,unknown,50
pan,male,68
Jumadi,male,99
nargol,female,100
plant,unknown,0
yingheng,male,75
kentaro,male,100
manuel,male,99
kathryn,female,99
mohan,male,99
quentin,male,99
lila,female,99
neal,male,99
xiaoxiao,female,75
dan,male,97
karming,male,75
duo,male,77
louis,male,97
yogan,male,100
judy,female,97
xiaobin,male,85
guoqing,male,97
harley,male,89
ahmed,male,98
gunter,male,97
shahram,male,99
yusuf,male,97
byron,male,99
izabel,female,98
federico,male,99
Susilaningsih,unknown,0
yuhan,male,54
emma,female,91
en,male,69
marguerite,female,98
sachin,male,100
prateek,male,100
voelker,unknown,0
amin,male,97
kamiel,male,94
ted,male,98
sheheeda,unknown,0
arnau,male,99
erich,male,99
syeiva,female,75
yingzhen,female,100
franklin,male,100
artem,male,100
tianwen,male,100
cole,male,93
yulei,male,83
shin,male,79
xiaoyu,female,56
josaphat,male,97
redy,male,94
josh,male,99
yosi,male,67
yangzhi,male,80
guoxia,female,75
celson,male,100
edi,male,89
pierre,male,99
franciskus,male,100
avinash,male,99
gerhard,male,99
barry,male,98
setiawan,male,99
dessi,female,87
maria,female,97
yingyuan,unknown,50
sheng,male,74
farid,male,98
randolph,male,100
tahir,male,97
ignatios,male,100
dongsheng,male,97
gangqin,unknown,0
abbot,male,97
sera,female,76
serbinder,unknown,0
takashi,male,99
vipul,male,100
grant,male,100
cynthia,female,98
asit,male,99
emmeleia,unknown,0
jamie,male,62
madison,female,92
terrie,female,95
aldy,male,92
fang,female,68
seigo,male,98
marjan,female,57
algis,male,97
martha,female,97
naesoo,male,75
rebecca,female,99
kirsten,female,97
biao,male,95
constantin,male,96
huang,male,62
muneo,male,100
jiangping,male,57
eran,male,97
hailu,male,95
ketholyn,unknown,0
fanny,female,96
tadgh,male,100
jeremiah,male,99
theodora,female,92
ionut,male,99
gaoping,male,67
kazuo,male,99
estelle,female,97
ridha,male,90
aini,female,91
hongke,male,100
jiannan,male,94
yongming,male,96
nazri,male,97
xue,female,74
huwei,male,67
marcel,male,99
chetan,male,100
shelly,female,96
darran,male,99
olly,male,79
jason,male,99
drazen,male,99
teri,female,94
duncan,male,99
albertus,male,99
yeni,female,92
inna,female,97
iliya,male,97
yiping,female,56
jeroen,male,99
norka,female,94
haydar,male,96
eric,male,99
zejun,male,67
gunn,female,68
shuzhi,unknown,50
christos,male,99
kylie,female,97
yukihiro,male,99
rami,male,96
nicolas,male,99
brendan,male,99
haley,female,97
arash,male,99
phuc,male,84
gavin,male,99
jin,male,72
irvin,male,100
kolton,male,100
simone,male,67
ronaldo,male,99
yunhao,male,94
wagner,male,98
jinhua,female,83
sandy,female,78
saikrishna,male,99
cuneyt,male,97
kevin,male,99
regine,female,98
robyn,female,94
darrell,male,99
dmitrii,male,100
shaoshi,male,75
lihini,female,94
jarrod,male,100
amber,female,97
sotirios,male,99
bruce,male,99
odile,female,98
adria,male,56
vidar,male,99
mahdi,male,98
darmawan,male,99
linlin,female,72
keith,male,98
anupam,male,95
zhibin,male,98
meng,male,61
edward,male,99
franz,male,98
klaus,male,98
danhong,female,67
ansel,male,94
salina,female,95
jiuyan,unknown,0
tali,female,67
mihai,male,98
weiguo,male,100
xiaojuan,female,100
sloane,female,98
deacon,male,100
nick,male,98
aalok,male,99
sonal,female,87
johnny,male,99
lanqianya,unknown,0
rick,male,99
kakit,male,100
hina,female,96
zuofu,unknown,0
guraik,unknown,0
qinjie,male,75
kurunthachalam,unknown,0
kim,female,68
dadan,male,99
issam,male,98
qihui,male,67
swati,female,98
madeline,female,98
chunli,female,68
lianchao,unknown,0
maoliang,unknown,0
xiang-ning,female,60
moira,female,99
swapnil,male,98
chenhong,female,75
nelson,male,99
lanny,female,61
douglas,male,99
lisa,female,98
cheyenne,female,93
michelle,female,97
lorne,male,95
rifat,male,93
phuong,female,71
julian,male,95
brandilyn,female,100
robby,male,96
kerry,female,75
shervin,male,93
alva,female,64
huy,male,97
xiangmao,unknown,0
adek,male,69
sravanthi,female,99
kristine,female,98
ward,male,84
runlie,unknown,0
amir,male,98
haocheng,male,100
joey,male,86
neha,female,98
hongdou,unknown,50
amira,female,98
annalisa,female,99
jieun,female,96
ting,female,68
aris,male,94
daryl,male,94
tianhao,male,95
therese,female,98
katelin,female,100
ruchi,female,98
Kusnandar,male,95
chenguang,male,96
gildardo,male,100
rory,male,94
zerdoumi,unknown,0
afrizal,male,100
wenkang,male,100
sneha,female,98
lucy,female,98
rudi,male,98
hugh,male,99
haven,female,98
choedchai,male,100
kristin,female,98
gladys,female,99
ahmad,male,98
kuniyasu,male,75
laurence,female,90
francis,male,94
leslie,female,81
leonimer,unknown,0
jiangtao,male,100
ling,female,79
gursewak,male,100
zhihua,male,84
cas,male,70
janna,female,99
thorsten,male,99
yat,male,82
jung,male,71
yuzhong,male,90
benafsh,unknown,0
rendy,male,95
keenan,male,100
ronierison,male,100
malgorzata,female,98
jenn,female,98
dawei,male,95
sabine,female,98
carolina,female,98
reinhard,male,99
cody,male,96
sandeep,male,99
linmin,male,57
luigi,male,99
rohmah,female,98
mauridhi,unknown,0
dean,male,98
andrei,male,98
adele,female,95
yanmei,female,97
leposava,female,88
emiel,male,98
jianguo,male,97
hang,unknown,0
xiaoting,female,90
ricardo,male,99
diane,female,98
parashar,male,97
yuhai,male,89
sanjai,male,100
max,male,98
zhibiao,male,75
heiner,male,98
portia,female,99
sun,male,61
woo,male,84
bustami,male,97
xiaoyue,female,81
udin,male,99
haydn,male,97
yaozong,male,100
kay,female,54
xiaomeng,female,63
kelsey,female,96
june,female,80
kai,male,96
tze,male,72
alyssa,female,99
jianqing,male,64
dahai,male,96
wensi,female,54
shiguang,male,100
s.,male,64
yuri,male,81
yui,female,85
wenling,female,89
huizhen,female,95
hao,male,84
reem,female,95
clark,male,96
gerald,male,99
hedley,male,96
hoa,female,74
leandro,male,99
wolfgang,male,99
dênis,male,100
wenzhong,male,89
jiahuan,female,55
jaesik,male,100
herlambang,male,100
ruibao,unknown,0
ching,female,62
patrick,male,99
khan,male,95
liping,female,81
niels,male,99
sicheng,male,88
huan,male,84
hambali,male,99
camille,female,84
natalie,female,98
danial,male,98
yuanfang,female,58
kimberley,female,99
trilce,female,89
hopi,male,87
jon-paul,male,99
zoë,female,98
andrew,male,99
mathew,male,99
hari,male,96
mel,female,79
davis,male,98
linxiu,female,75
chen,male,63
lorraine,female,98
daeyoung,male,100
siddhesh,male,100
Sunubroto,unknown,0
bingxin,female,80
chuyan,unknown,0
desmond,male,100
brennan,male,99
chongjun,male,100
nadine,female,98
jiuyi,unknown,0
silvio,male,99
else,female,100
leenaporn,unknown,0
marni,female,89
iure,male,94
andres,male,98
evan,male,97
birgit,female,99
rong,male,55
bruno,male,99
n,unknown,0
jeongseon,female,63
yiguo,male,100
anna,female,98
chunliang,male,100
xiaobing,male,81
egor,male,99
toshio,male,99
iman,male,58
pieter,male,99
shuo,male,75
holland,male,60
zhengjun,male,82
haoyu,male,87
julio,male,96
stan,male,97
guobin,male,92
wm,male,87
doriedson,male,100
rui,male,98
kui,male,61
orlena,female,86
sangeeta,female,98
stefan,male,98
c,unknown,0
eduard,male,99
raul,male,99
jiyong,male,86
lilian,female,90
f.,male,77
paulo,male,99
zhengshen,female,75
clayton,male,99
yong,male,87
zhou,male,63
meira,female,79
habould,unknown,0
zhaohui,male,70
lukas,male,99
dian,female,67
xinpin,female,75
jijie,female,74
kiyoko,female,99
renyu,male,78
jiacong,male,67
zeina,female,98
mochamad,male,100
ronan,male,100
chihlin,male,100
mostafa,male,98
nathan,male,99
didier,male,98
anqui,male,67
bojie,male,92
liangjie,male,100
rene,male,92
dessy,female,89
dong,male,87
jong,male,92
imtiaz,male,99
mahendra,male,100
andi,male,78
roland,male,99
jenny,female,98
jianxiong,male,100
davide,male,99
javad,male,98
bassem,male,98
zexiang,male,100
alejandra,female,98
forrest,male,100
gesine,female,98
ammon,male,94
soma,female,65
simeon,male,99
lixia,female,90
claudia,female,98
guisheng,male,67
kelly,female,88
chanelle,female,100
alwyn,male,97
nor,female,64
zain,male,96
rfc,male,72
yukun,male,81
taehyun,male,96
catherine,female,98
anant,male,99
f,unknown,0
gilbert,male,98
jiehoung,unknown,0
karel,male,96
krista,female,98
rebbecca,female,95
anhua,unknown,50
frederico,male,99
yiwen,female,69
ihab,male,98
zhitong,male,60
nupur,female,94
tim,male,99
rand,male,59
xu,male,67
frances,female,94
dimitris,male,99
buang,male,79
daltro,male,100
rita,female,98
carmine,male,97
quanman,unknown,0
edmond,male,99
jamilson,male,98
agung,male,99
edson,male,99
rania,female,98
Irvanizam,unknown,0
mirna,female,98
marije,female,98
jianhua,male,84
kim-kwang,female,68
mathieu,male,99
kacey,female,98
good,unknown,0
melania,female,98
aviel,male,98
hoang,male,80
jaime,male,90
jimmy,male,98
arifah,female,98
zhongcheng,male,100
huiguang,male,80
mariana,female,98
azizol,male,100
benson,male,98
oliver,male,98
nanang,male,99
afonso,male,98
yefeng,male,100
yuanchao,male,100
sophia,female,98
yongmiao,unknown,0
brandon,male,100
harsh,male,100
shawn,male,93
nandeeka,male,75
leighton,male,92
riantini,female,67
ipek,female,96
jingyi,female,84
gaofeng,male,100
lorenzo,male,99
ilia,male,83
kristiina,female,97
tryphon,male,97
triya,female,84
chelsea,female,96
jeff,male,99
monika,female,98
longying,unknown,50
karin,female,97
yamin,male,74
mahtab,female,68
kristen,female,97
tengyi,unknown,0
florian,male,99
bo,male,85
chelsie,female,100
berj,male,92
niloofar,female,98
emmett,male,100
ognjen,male,99
li,female,53
seokkyun,male,75
masahiro,male,100
ruizhen,unknown,0
carissa,female,100
alissa,female,100
cara,female,95
fernanda,female,99
wei,male,73
pinjing,female,75
nagm,male,87
nina,female,98
ガバラ,unknown,0
cailun,female,75
esther,female,98
radha,female,69
elisabeth,female,99
sam,male,85
dominic,male,98
baoyun,unknown,50
johann,male,95
tianyuan,male,61
jierong,male,67
anshu,male,59
jinping,male,57
liesl,female,99
marcus,male,99
dara,female,82
changyu,male,100
junko,female,94
lijing,female,80
xiaomei,female,97
weichung,male,100
yun,male,51
eli,female,60
timmy,male,95
yan,male,73
zoheir,male,98
aimee,female,98
guy,male,98
caio,male,99
dawn,female,100
richard,male,99
venkat,male,100
chiishiarng,unknown,0
will,male,100
wenguo,male,100
hilman,male,99
sisir,male,99
nathik,female,100
silke,female,98
liming,male,73
binoy,male,100
ni,female,63
jianghai,male,100
ashli,female,100
holger,male,99
hazlina,female,100
deren,female,79
wildan,male,97
khaled,male,98
benny,male,94
arif,male,98
hitay,female,57
xie,male,59
priya,female,96
sorin,male,99
mingui,male,88
wenbin,male,91
dina,female,96
chad,male,99
chihiro,female,73
hasmik,female,100
bridget,female,99
wisnu,male,99
cascade,male,88
dalton,male,100
bonnie,female,92
suely,female,98
carola,female,98
miriam,female,98
zhihao,male,98
fanchi,male,100
jenna,female,98
marc,male,99
todd,male,100
renaud,male,98
timothy,male,99
sami,male,93
xiangming,male,100
jiushuai,unknown,0
davi,male,95
kris,male,72
ilya,male,97
matthew,male,100
pragyansri,unknown,0
xinjia,male,67
lindsey,female,97
anders,male,99
aline,female,98
v.,male,67
laurent,male,97
ya,male,61
jianmin,male,83
samer,male,97
blair,male,58
donna,female,98
satya,male,88
jitendra,male,100
gunnar,male,100
mohd,male,99
atte,male,86
guoying,female,55
caroline,female,98
trungkien,male,100
bonita,female,96
lindsay,female,94
xiaolin,female,54
liza,female,97
zhifeng,male,97
fei,male,62
jiaqi,female,55
lea,female,97
b,unknown,0
bradford,male,100
rachid,male,97
perambur,male,75
marilyn,female,97
d.,male,73
seok,male,96
austin,male,98
chessa,female,78
buyue,unknown,0
kayhan,male,97
alphan,male,96
sharyn,female,99
glencora,female,100
huiling,female,100
mazhar,male,99
giuliano,male,99
kasey,female,74
lucas,male,99
puteh,male,71
xinping,male,65
yu,male,63
lionel,male,99
philippe,male,99
elliott,male,99
dacheng,male,100
huifang,female,100
francisco,male,99
z,unknown,0
kleber,male,99
xingming,male,67
hla,male,58
stefania,female,98
sabin,male,88
weibin,male,94
krause,male,77
jiaxi,female,65
jayashree,female,98
wanzhang,male,75
shilei,male,75
jiahui,female,73
karl,male,98
galen,male,98
hiren,male,99
than,unknown,0
shahnam,male,98
diana,female,98
janelle,female,99
maurice,male,97
azzemi,unknown,0
iwan,male,99
chengen,male,67
fazirulhisyam,unknown,0
Azrifirwan,unknown,0
ramyata,female,75
jacob,male,99
brent,male,100
shell,unknown,0
p.,male,71
qifan,male,93
adiel,male,95
jia,female,65
jiangyu,male,88
guangjun,male,100
zizhen,female,57
jan,male,92
warren,male,99
chi,female,58
thaddeus,male,100
debbie,female,98
wenming,male,100
siyoung,male,69
clarisa,female,97
tua,male,56
yudhi,male,99
gorm,male,98
kenneth,male,99
hassan,male,98
yonghe,male,100
anmol,male,88
jinglin,unknown,50
weihua,male,69
Wendhy,female,77
kaitlin,female,99
weikom,unknown,0
n.,male,59
adriaana,female,86
dietmar,male,99
zhuming,male,75
amy,female,98
Akmaludin,male,100
amalia,female,98
zhenxiong,unknown,50
youtang,male,75
jigar,male,99
kuanlun,male,75
ashwin,male,99
carsten,male,99
cleber,male,100
dinusha,male,60
xiaolu,female,66
sabrina,female,98
abdel-aziz,male,98
maxim,male,99
guoqiang,male,100
gildomar,male,100
shuguang,male,100
weiming,male,94
ivan,male,99
shakti,male,87
joan,male,56
melanie,female,98
yunhong,male,54
abraham,male,99
shengjie,male,79
guotai,male,75
soeprapto,male,100
christy,female,93
hideo,male,100
glenn,male,98
ovidiu,male,100
meghan,female,99
marilla,female,96
stéphane,male,98
xiaofang,female,92
haixue,male,75
katie,female,99
tresna,female,62
longwei,male,100
deanna,female,98
isaie,male,100
shashank,male,100
zongbao,male,75
jameson,male,97
nathania,female,96
istel,female,71
jesse,male,93
georg,male,99
jun,male,88
abhinav,male,100
peter,male,99
jiannian,male,75
basile,male,96
heidy,female,99
inversion,female,75
marcin,male,99
miguel,male,99
dinkins,unknown,0
shriram,male,100
hussnain,male,100
jinxin,male,81
luiz,male,99
azauri,unknown,0
guojian,male,100
arthur,male,99
jean,male,89
elisangela,female,99
clemens,male,99
maricel,female,92
justin,male,98
hilary,female,80
kiley,female,98
danang,male,98
jefferson,male,99
vadim,male,99
pedro,male,99
roxana,female,99
roeduger,unknown,0
dingran,unknown,50
mian,male,95
courtney,female,92
yinchu,male,67
leona,female,97
e.,male,64
ayush,male,99
rainer,male,99
mylan,male,70
k,unknown,0
ingvar,male,99
monica,female,98
xing,male,70
sylvie,female,98
naomi,female,98
nameetha,unknown,0
jonathon,male,99
yunli,female,86
stuart,male,99
afarulrazi,unknown,0
jiuzhong,unknown,0
amany,female,92
xianhui,male,60
norbert,male,99
elizabeth,female,99
qijun,male,85
guoyi,male,80
aria,female,88
mitra,female,76
mahamed,male,94
phil,male,98
jeanine,female,98
giovanni,male,99
masrah,female,63
jameal,male,100
youcheng,male,100
huafeng,male,100
everton,male,99
erin,female,96
gloria,female,98
cormac,male,100
ogden,male,83
brant,male,100
wolter,male,98
michael,male,99
desheng,male,92
yicheng,male,82
cassidy,female,79
holly,female,96
jesus,male,98
kelin,female,67
ho,male,76
hongtu,male,75
libe,female,66
qihong,female,55
rabiah,female,93
devdutta,male,88
tanya,female,98
thing,unknown,0
doron,male,97
clarke,male,93
joni,male,79
petar,male,99
brusch,unknown,0
zhenwang,male,75
lia,female,98
caiqin,female,75
natara,female,89
zhenyu,male,94
wes,male,99
Suprijanto,unknown,0
griffin,male,99
u,unknown,0
geoff,male,99
winston,male,99
taufik,male,99
dagmar,female,98
zane,male,93
faraneh,female,100
gretchen,female,99
lianfu,male,67
gloeta,unknown,0
alexey,male,100
salvatore,male,99
min,male,65
payman,male,95
gang,unknown,0
harold,male,99
rahmad,male,100
esmeralda,female,99
zhihai,male,100
farooq,male,99
kang,male,90
hermannus,male,100
mari,female,94
muhammad,male,99
doaa,female,97
rini,female,93
i,unknown,0
art,male,91
kaisar,male,97
pradipta,male,88
darilis,female,100
cassios,male,100
dimitrios,male,99
dingwei,male,100
suren,male,99
ruoyu,male,84
travis,male,99
murat,male,94
conor,male,100
romain,male,99
alexander,male,99
hans,male,97
charles,male,98
jillian,female,98
tialynn,female,75
bret,male,98
uli,male,74
rafael,male,99
hongxia,female,88
wade,male,98
bradd,male,100
mia,female,97
junbiao,male,100
guo-yi,male,63
katherina,female,98
evrim,female,66
mackenzie,female,84
qianxi,unknown,50
taku,male,97
nurul,female,83
zheng,male,76
carmelo,male,99
natasha,female,98
haimeng,male,75
Marimin,female,75
cheyu,male,100
brad,male,100
sujan,male,98
andy,male,95
koichi,male,99
tamara,female,98
akbar,male,99
kabir,male,98
aimi,female,92
sebastian,male,99
yves,male,98
weide,male,63
luki,male,92
erika,female,98
roberto,male,99
christoph,male,99
udjianna,unknown,0
jincheng,male,97
reghu,male,100
nate,male,97
subhashis,male,99
jeffrey,male,100
melvin,male,99
angelique,female,98
melia,female,96
ryouya,male,89
wenguang,male,100
and,male,84
zensheu,unknown,0
jinxing,male,81
mordecai,male,97
suting,female,90
werner,male,99
manfred,male,99
asep,male,99
xiaobo,male,92
séverin,male,95
yuk,male,72
andriy,male,99
hsieh,male,71
chandra,male,55
karim,male,98
yanwu,unknown,50
wilhelm,male,98
michal,male,97
shucheng,male,100
patty,female,96
rebekah,female,99
frederick,male,99
bei,female,70
mary,female,98
vandana,female,98
stefanie,female,98
eva,female,98
hossameldin,male,100
iriana,female,96
md.,male,99
yani,female,70
april,female,96
dongjin,male,98
oscar,male,99
asmarashid,unknown,0
roman,male,100
nahar,male,83
pier,male,97
ashley,female,84
hanif,male,95
garret,male,100
omar,male,98
opik,male,98
guidong,male,75
jing,female,75
marilia,female,98
heitor,male,100
dianna,female,98
walther,male,98
hamid,male,98
an,female,52
scott,male,100
allen,male,96
yixia,unknown,50
randy,male,98
josee,female,61
aysin,female,93
ammar,male,98
cade,male,99
naoya,male,100
rajprasad,male,75
tales,male,100
nur,female,79
alias,male,84
moisés,male,100
viska,female,86
lianwang,male,75
raulalexander,unknown,0
attitude,unknown,0
eriq,male,100
rongfang,unknown,50
walter,male,97
lucelia,female,98
songtao,male,100
ofer,male,98
stark,male,93
ning,female,74
diptodip,unknown,0
xiaofei,male,57
mego,male,93
johnathan,male,99
lev,male,97
ednelson,male,95
ratna,female,90
tod,male,97
guifang,male,57
alisha,female,97
yunhua,female,61
danny,male,94
bridie,female,98
alanniegrace,unknown,0
elaine,female,98
xiangyu,male,63
jonqying,unknown,0
arielle,female,100
masako,female,98
mohamed,male,98
tomoro,male,100
ayswarya,female,100
linda,female,97
nishad,male,99
xiaomin,female,74
raza,male,96
andreyanto,unknown,0
satriya,male,97
hanny,female,78
yair,male,100
joachim,male,99
nafizah,female,100
tylia,female,72
bradley,male,99
mirta,female,98
jerald,male,100
leaanne,female,100
jinsong,male,93
joe,male,97
tran,male,63
muchen,female,100
nuyen,male,67
teuku,male,99
gina,female,98
saurabh,male,100
qiang,male,97
sindi,female,93
lakshmi,female,78
rosemary,female,98
gita,female,92
akihiro,male,100
chiara,female,99
johannes,male,99
yihui,male,57
evgeny,male,99
eunsoo,male,68
tal,male,69
sameer,male,99
qunfeng,male,100
katelyn,female,99
jintian,male,86
anqi,female,81
meike,female,96
luciana,female,99
yuncheng,male,67
widowati,female,100
manish,male,100
edmund,male,99
ewa,female,98
lloyd,male,99
rongxing,unknown,50
guangli,male,75
yang,male,67
ali,male,94
sado,male,92
jordi,male,99
choongki,male,75
lynne,female,99
andre,male,97
maryam,female,98
zeju,male,75
hugues,male,98
lisiane,female,100
vice,male,89
liang,male,82
yanjun,male,61
carla,female,98
ramon,male,98
ran,male,65
clemente,male,98
likhita,female,97
cheolsig,unknown,0
shinji,male,98
kelley,female,89
spyridon,male,96
venugopal,male,99
yagang,male,75
a,unknown,0
mircea,male,98
riki,male,91
健爾,unknown,0
lucian,male,99
roy,male,98
calin,male,94
nazeih,male,75
alan,male,99
ezzeddeen,male,100
yunchen,female,63
roslan,male,97
xiaodong,male,92
yuhsiang,male,75
anni,female,95
allan,male,99
j.,male,82
pola,female,75
timothey,male,100
junlong,male,100
xiaohua,male,53
melina,female,98
susanna,female,99
bhushan,male,100
crow,male,91
pierreolivier,male,75
xiaoyan,female,93
zhiqi,male,56
sunil,male,99
boqiang,male,100
jerey,male,100
zainal,male,99
earl,male,99
daniel,male,99
tomasz,male,99
stepan,male,98
Sulthoni,male,75
ingrid,female,98
katerina,female,99
sumit,male,100
tasha,female,98
mingcheng,male,100
shichao,male,93
kenan,male,97
huojun,unknown,0
jianping,male,75
yue,female,58
blanca,female,99
novia,female,95
roberta,female,96
harith,male,99
alexis,male,77
caixing,unknown,0
insannul,male,75
mukul,male,99
shahrul,male,98
hailiang,male,100
kimberly,female,98
cinthia,female,98
iain,male,99
colin,male,99
sir,male,97
ardyono,unknown,0
leonardo,male,99
hanson,male,95
gianina,female,98
geoge,male,96
peilin,female,54
albert,male,98
qin,female,64
farzaneh,female,99
peng,male,84
weijian,male,97
lourdes,female,99
alessandro,male,99
thuyen,male,52
Safriyana,unknown,0
yaling,female,88
jacek,male,99
yonis,male,96
wojciech,male,100
clint,male,99
b.,male,68
kamlesh,male,98
goncalo,male,99
asish,male,99
jorge,male,99
shaobin,male,100
mario,male,99
huicong,male,100
seyed,male,97
eben,male,95
álvaro,male,99
hong,female,53
patti,female,96
chastine,female,85
dejan,male,99
don,male,98
shannon,female,88
akito,male,92
juliet,female,99
zaidir,male,100
shengcong,unknown,0
jerzy,male,99
shea,male,85
zoltan,male,99
chihhsin,unknown,0
loris,male,96
denny,male,92
chhinder,male,83
alessandra,female,96
italo,male,99
juergen,male,99
xun,male,78
haoshuang,male,75
shangping,male,75
zhanliang,male,75
marcello,male,99
raghav,male,100
masanori,male,100
cristiano,male,99
shelley,female,98
bill,male,100
tingjian,unknown,0
herbert,male,99
mauricio,male,99
mawarny,female,75
cicilia,female,99
siti,female,98
baiying,male,100
reinhold,male,99
stanley,male,99
zhipeng,male,98
toni,male,86
chengliang,male,100
alberto,male,99
xiaogang,male,100
jose,male,97
misty,female,97
suresh,male,100
eungil,male,75
moh.,male,99
ralf,male,99
gemma,female,99
tiago,male,99
belinda,female,98
i.,male,52
gabriel,male,99
yuchung,male,83
tom,male,99
tuomas,male,99
xiaoqing,female,80
foaad,male,98
プロダノヴ,unknown,0
na,female,62
jodi,female,92
mei,female,89
jiandong,male,100
elmar,male,98
jeanbaptiste,male,98
brian,male,99
ryan,male,99
tiejun,male,100
arnold,male,99
jingyu,male,59
adrienne,female,99
jerry,male,98
Irzaman,unknown,0
michele,male,72
pui,female,80
dongming,male,91
dillon,male,98
yann,male,98
heiko,male,84
timo,male,99
rachima,female,75
dominick,male,99
saul,male,100
tomislav,male,100
bethany,female,99
layhon,male,75
hayley,female,99
zhijiao,unknown,0
abdul,male,99
kassyele,unknown,0
muh,male,98
v,unknown,0
corey,male,94
larry,male,98
wujun,male,71
guenter,male,100
gudrun,female,97
rodrigo,male,99
james,male,99
shih-yuan,male,100
vito,male,98
shane,male,93
l.,male,50
jonas,male,99
sonya,female,97
annie,female,98
layla,female,100
rob,male,99
koksing,male,100
marija,female,97
cassandra,female,98
padma,female,81
yanqing,female,52
wenjun,male,52
taehee,male,63
renee,female,95
jamilynn,female,100
markus,male,99
allahyar,male,89
sofia,female,98
wentao,male,93
sanggug,unknown,0
farohaji,unknown,0
lili,female,94
rupeng,male,75
raju,male,99
haojin,male,100
koch,male,73
arun,male,99
xiang-yang,male,69
vani,female,87
safura,female,98
juang,male,90
sabbatino,male,75
mobarakol,male,75
x,unknown,0
frank,male,99
baris,male,98
beauty,female,100
jinfeng,male,61
ramlan,male,97
哲也,male,99
heidi,female,98
liduo,unknown,0
howard,male,99
yunyun,female,83
chadrick,male,100
ruben,male,99
sean,male,99
cristiana,female,98
ranzy,female,67
hanneke,female,98
d,unknown,0
shiyu,male,57
syamsi,male,94
kirk,male,99
lígia,female,99
pingping,female,69
kaung,male,94
yachao,male,100
breanna,female,98
faqin,unknown,0
fengyun,male,69
yi,male,61
fengjiao,female,100
olivier,male,99
yaoqin,unknown,0
yuan,male,58
melissa,female,98
risma,female,92
pierson,male,72
antoine,male,99
yonglian,unknown,0
osama,male,98
mark,male,100
shuqian,unknown,50
contingent,male,75
febyana,unknown,50
makbul,male,100
ajay,male,100
dongo,male,76
eze,male,90
urspeter,unknown,0
piyush,male,100
xiangning,female,100
xuan-thuan,male,61
qingjun,male,83
renan,male,99
dani,male,81
manle,female,75
yee-yang,male,63
tianxin,male,55
krol,female,74
rolfedgar,unknown,0
alfredo,male,99
viet,male,92
xujiong,unknown,0
stephanie,female,98
rakhmad,male,100
hon,male,85
fadia,female,98
lin,female,58
s,unknown,0
fred,male,96
raden,male,94
atris,male,67
lara,female,97
gopi,male,97
jiawei,male,79
staci,female,100
menger,female,67
bolin,male,80
hua,male,52
joshua,male,100
gunawan,male,99
enzo,male,99
coromoto,female,95
yuting,female,79
demitre,male,100
sukoco,male,100
achmad,male,99
dylan,male,98
jack,male,97
leila,female,98
lucinda,female,98
osamu,male,99
rifqy,male,96
calvin,male,99
peizhe,female,67
alfred,male,98
magdalena,female,98
jafar,male,99
tan,male,74
t,unknown,0
farideh,female,99
rajwinder,male,57
molly,female,98
nguyen,male,64
lauren,female,97
pavel,male,98
ゴピナサン,unknown,0
ashton,male,68
geri,male,54
chang,male,72
jordan,male,88
loran,male,88
qiyan,unknown,50
isabelle,female,99
shana,female,96
yihua,female,62
ameer,male,98
mudrik,male,93
anyu,female,70
aswhin,unknown,0
randall,male,99
head,unknown,0
dhamastya,unknown,0
ken,male,98
janice,female,98
jumadril,unknown,0
isaque,male,99
Albarda,unknown,0
a.e.,male,52
yosaphat,male,100
rachael,female,98
kory,male,98
tuan,male,98
india,female,97
jawad,male,97
zhiwen,male,95
azwar,male,100
macarthur,male,95
sethu,male,87
jauvane,unknown,0
armand,male,98
kara,female,65
junfa,unknown,0
xiong,male,79
thiago,male,100
jerffeson,male,100
yusun,male,53
pilar,female,98
hyung,male,93
ghalya,female,100
hiu,male,62
jalaja,female,100
rolf,male,99
irmawati,female,100
osbert,male,97
saravanan,male,100
xiao,male,53
medria,female,75
andreah,female,85
fabian,male,99
zhupei,unknown,0
shyaam,male,97
falgun,male,98
rosaldo,male,100
wajahat,male,99
bob,male,97
alister,male,97
harmando,male,100
shenggang,unknown,0
fritzen,male,100
matheus,male,99
hanjie,male,82
rusli,male,99
pamela,female,98
andri,male,89
korhan,male,98
candace,female,98
philipp,male,99
manjeera,female,96
lim,male,72
bert,male,98
dongping,male,60
h,unknown,0
ka,male,53
glauber,male,99
emilio,male,99
marja,female,98
yongbin,male,100
kostantinos,male,99
ty,male,87
jolyon,male,100
linhao,male,100
shujun,female,62
r.,male,78
susane,female,98
eduardo,male,99
neville,male,98
chin,unknown,0
ajeet,male,99
samantha,female,98
qichao,male,100
iliana,female,99
yujie,female,63
zhangshui,unknown,0
benedikt,male,99
sandrine,female,98
ayong,male,77
varghese,male,100
chengxiang,male,75
abdalla,male,98
yao-feng,male,77
a.j.,male,89
xihao,male,67
wouter,male,100
dayi,male,56
yaniv,male,99
sebastien,male,98
yanzi,female,91
amad,male,98
lyle,male,99
fu-der,male,86
katja,female,98
jugal,male,100
lluvia,female,96
vinicius,male,100
wahyu,male,89
zhenye,male,100
william,male,99
linnea,female,99
albin,male,98
kathi,female,96
rian,male,86
katelynn,female,100
phillip,male,99
shelby,female,90
t.p.,male,88
dustin,male,100
jairus,male,98
chandler,male,96
jacey,female,99
tierney,female,96
rafaela,female,98
laurie,female,95
guangming,male,100
franck,male,99
claire,female,98
razief,male,75
seema,female,97
dongkai,male,100
björn,male,99
hyunjun,male,98
martina,female,99
sy,male,73
sourav,male,100
zaw,male,96
bangun,male,97
melannie,female,97
niklas,male,99
julien,male,98
moch,male,99
tommy,male,98
ramiro,male,100
anderson,male,99
helmut,male,98
asif,male,99
marlene,female,98
jared,male,99
ajith,male,100
yasuharu,male,100
adlina,female,96
angus,male,96
defu,male,57
aura,female,92
momoko,female,92
jae,male,76
bengkang,unknown,0
yazhuo,female,75
zuoliang,unknown,0
lubomir,male,99
klaudius,male,96
lucia,female,98
diego,male,99
ji,male,78
saida,female,96
jiaming,male,90
cristina,female,98
rajesh,male,100
sheroz,male,96
cassie,female,97
carlos,male,99
k.,male,61
zaifeng,male,100
natalia,female,98
xuhui,male,83
wenjuan,female,100
meihong,female,93
brenda,female,98
steve,male,99
congrong,female,75
wenjia,female,52
janhenning,unknown,0
panfen,unknown,0
mingyu,male,74
zhisheng,male,92
katherine,female,99
kristina,female,98
elsie,female,99
babag,male,100
manhong,male,67
wenpeng,male,78
xin,male,58
jaclyn,female,99
luís,male,100
alin,male,87
mohammadreza,male,99
susan,female,98
loretta,female,98
fatma,female,97
connor,male,99
xiaoyong,male,100
francyelle,female,99
stefano,male,99
paola,female,98
eitan,male,99
senthil,male,99
cristie,female,99
karla,female,98
julius,male,99
ton,male,97
carol,female,97
yingpeng,male,75
mohammad,male,99
s.p.,male,95
marcandre,male,100
simon,male,98
andreea,female,96
enéias,male,100
hilwadi,unknown,0
hoyong,male,100
norsuzila,unknown,0
camilo,male,99
xinyu,male,55
ronglin,male,100
ramiza,female,90
zach,male,100
tingting,female,97
vincas,male,100
muhamad,male,99
ruixuan,male,60
shixi,female,75
amanda,female,98
佑樹,male,100
jennhwa,unknown,0
ming,male,77
rubens,male,99
futoshi,male,100
leanne,female,99
yifei,male,61
baidong,unknown,0
mikhail,male,100
qiujian,unknown,0
hongchang,male,100
kate,female,98
belladini,unknown,50
xian,male,61
godishala,male,80
marcos,male,99
dedy,male,97
mahbubul,male,100
irsan,male,100
ditdit,male,75
uyen,female,94
hiroshi,male,99
changhui,male,91
iqbal,male,98
sunny,female,100
haipeng,male,93
waldemar,male,99
blake,male,96
honggang,male,100
liqun,male,52
krzysztof,male,100
xiaoheng,male,100
ioannis,male,99
aleciano,unknown,0
leonda,female,86
jiao,female,75
terri,female,97
guido,male,99
irawan,male,99
zhengli,male,80
libao,male,86
aditia,male,93
zayra,female,98
jinsheng,male,100
abdelouahab,male,98
chunhua,female,84
mohammed,male,99
tara,female,94
ethan,male,99
terrance,male,100
yantao,male,93
maureen,female,98
zhenpeng,male,100
c.,male,59
punaji,male,75
alfan,male,98
kefei,male,71
siqi,female,62
guenther,male,99
zhongzhao,male,75
weijie,male,87
shuyang,unknown,50
jamison,male,99
a.s.,male,85
boris,male,99
liangzhi,male,75
laureen,female,98
amit,male,99
thomas,male,99
sapana,female,95
damian,male,99
rajeevan,male,99
chloe,female,98
vivien,female,60
mehrdad,male,99
jiahao,male,98
kayla,female,98
kyle,male,98
aspen,female,98
lori,female,96
敦史,male,100
gerard,male,98
yonghui,male,89
chiyo,female,82
greg,male,99
meishan,female,100
elisa,female,98
fara,female,73
negin,female,96
olga,female,98
ewald,male,99
zhaoyi,male,86
xiang,male,77
yanying,female,86
tadayoshi,male,100
casey,male,58
konstantin,male,99
minhua,female,67
yihong,female,51
anahid,female,98
meagan,female,98
henning,male,97
peiyuan,male,82
arman,male,98
adam,male,99
mare,male,53
allison,female,95
ibrahim,male,97
ricolindo,unknown,0
gordon,male,99
g.,male,76
shahriyar,male,98
fujin,unknown,50
zike,male,86
laura,female,98
gene,male,100
naiara,female,98
zhenhua,male,79
brandie,female,100
alexandre,male,99
ziyi,female,62
anis,male,86
zengmin,male,75
darren,male,99
shanlin,male,67
sully,male,73
wyatt,male,100
ichan,male,84
tsailing,female,100
rich,male,100
ziqin,male,55
zhefeng,male,100
shigang,unknown,0
dag,male,88
sonja,female,98
ramzi,male,98
peberlin,female,75
pablo,male,99
dena,female,91
pallavi,female,99
xiaoshan,female,56
jinyang,male,83
flavia,female,98
sema,female,94
vandi,male,73
uzi,male,90
martin,male,98
emili,female,71
steph,male,52
feldmann,male,75
dechao,male,100
kalpa,male,76
zhongxian,male,75
hollie,female,99
yurni,female,100
poyu,male,67
donald,male,99
george,male,99
abhijit,male,100
benjamin,male,99
ellen,female,99
yami,female,75
grace,female,100
renato,male,99
nicolette,female,100
lindley,female,54
m,unknown,0
gradus,male,98
toto,male,83
roger,male,99
ronald,male,99
hongwei,male,88
lars,male,99
ahmet,male,94
jurgen,male,99
irfan,male,98
benkang,unknown,0
arlindo,male,99
swapna,female,97
bennet,male,96
halandur,unknown,0
nendi,male,95
zhentai,unknown,0
jody,female,59
yousef,male,98
nik,male,91
lijian,male,100
rahmita,female,100
geoffrey,male,99
kamron,male,100
irina,female,98
kamal,male,97
lei,male,59
kinga,female,97
fazel,male,98
sathya,male,64
estuardo,male,100
annunziato,male,98
john,male,99
jianbiao,male,75
talia,female,99
shahab,male,98
tukae,male,75
masayuki,male,99
santi,male,86
shaocheng,male,75
larissa,female,99
elia,male,61
shaun,male,98
hugo,male,99
darrin,male,100
elena,female,98
umar,male,99
jakub,male,99
sheng-xiang,male,76
tanner,male,97
ajaz,male,100
madson,male,99
funing,female,75
wayne,male,99
graeme,male,99
tao,male,87
johanna,female,98
jianxin,male,95
larisa,female,99
haoyong,male,80
guoping,male,73
abdellah,male,98
barrie,male,90
haibo,male,95
dodi,male,74
guohui,male,89
loredana,female,98
danielle,female,96
majid,male,98
yumin,female,51
ganesh,male,100
cinara,female,97
jonathan,male,99
pantazis,male,100
rollin,male,87
tino,male,98
anang,male,98
reniel,male,98
tiffany,female,98
athula,male,97
ganapathy,male,99
nalana,female,75
feri,male,92
hui,female,52
shijun,male,82
todor,male,99
meiling,female,99
gianluca,male,99
mitsu,male,77
orjan,male,96
budi,male,98
srikanth,male,100
tanty,female,95
hidetoshi,male,99
rex,male,99
ciaran,male,97
matthias,male,100
cato,male,80
marina,female,98
toshihiro,male,100
jungwoo,male,97
prashant,male,100
anthony,male,99
nathaniel,male,99
lan,female,75
grand,unknown,0
emilia,female,98
reginaldo,male,99
ruijia,female,83
gunjan,female,52
vladimir,male,99
xiaoping,male,60
breno,male,99
stephen,male,99
xubin,male,100
shilin,male,87
mingyuan,male,88
bernhard,male,98
kamarudin,male,100
tengfei,male,95
emanuela,female,98
cláudio,male,99
carolyn,female,99
dornbusch,unknown,0
muneeza,female,94
donatella,female,98
laszlo,male,98
kaori,female,96
mitch,male,90
riri,female,62
azita,female,99
il,male,93
ence,male,83
billie,female,92
christina,female,94
akmadi,male,75
valerie,female,97
emmit,male,100
fidelak,unknown,0
guojun,male,100
joyce,female,97
karthik,male,100
juan,male,98
lynn,female,92
ian,male,99
janet,female,98
madalina,female,97
abhishek,male,100
bryan,male,99
robson,male,99
nanquan,male,75
selly,female,91
margo,female,94
janusz,male,99
ann,female,97
jinjie,male,90
sand,unknown,0
gil,male,91
xiuchang,unknown,0
yasuko,female,96
xiaojin,male,56
andras,male,98
shuaibing,male,75
zhigang,male,98
fangping,male,75
jörg,male,99
lizabeth,female,99
noor,female,61
randal,male,99
joel,male,99
weisheng,male,93
janine,female,98
kellan,male,83
siddharth,male,100
eissa,male,97
manuela,female,98
leonard,male,98
markku,male,99
sangwon,male,98
root,unknown,0
dou,male,70
weidong,male,99
spencer,male,97
steffen,male,99
peixian,male,60
craig,male,100
hendro,male,99
abu,male,98
j,unknown,0
kho,male,73
elie,male,93
pat,male,61
russell,male,99
xavier,male,99
prince,male,98
jueqi,male,75
joerg,male,99
josé,male,98
teddy,male,94
zahid,male,99
mehul,male,99
meizhu,female,100
antonino,male,99
shiping,male,82
huijuan,female,100
vincenzo,male,99
qi,male,63
justen,male,99
xiaoying,female,90
kirstin,female,100
sasongko,male,100
w,unknown,0
morufu,male,100
nam,male,79
liudmila,female,98
zhi,male,79
franziska,female,98
marcelo,male,100
kathy,female,98
ross,male,91
vicki,female,96
crystal,female,100
dianne,female,99
kristopher,male,100
vesna,female,98
per,male,97
minghua,female,71
pietro,male,99
owen,male,98
kazuyoshi,male,100
nigel,male,99
xingxing,male,51
joão,male,99
mats,male,99
alle,male,67
perry,male,91
lalit,male,99
beth,female,99
yuehchou,unknown,0
shigeto,male,100
goran,male,99
dirk,male,99
candice,female,98
jane,female,97
di,male,54
ping,male,53
lee,male,82
luke,male,99
sigurd,male,98
jianjun,male,99
shah,male,94
joaquin,male,99
natanael,male,99
matt,male,100
farah,female,92
アイ,unknown,50
rudolfo,male,99
xibao,female,67
sudharsanan,male,100
carrie,female,98
alexa,female,95
kimberlee,female,100
tong,male,77
zhongwei,male,100
yiju,female,86
micael,male,99
xuhua,male,67
hege,female,91
mariangel,female,99
szidonia,female,94
quan,male,93
yuqing,female,70
miao,female,61
qibin,male,100
artur,male,99
olivia,female,97
Suherman,male,99
weiwei,female,61
damon,male,99
arafah,male,63
malea,female,92
weikeat,male,75
kun,male,79
momotaz,female,100
charlotte,female,96
aldrin,male,98
eugenio,male,99
irving,male,100
anand,male,100
karen,female,96
brinda,female,97
fengqi,male,71
forest,male,100
denise,female,98
fouad,male,98
taffy,male,69
jian,male,89
colleen,female,98
xiansong,male,75
qian,female,65
xiaofeng,male,78
claes,male,96
wikky,male,57
shalini,female,99
tinton,male,95
raoul,male,97
mingli,male,58
paolo,male,99
chong,male,72
marco,male,99
nancy,female,98
yaofeng,male,100
bryce,male,97
alasdair,male,100
kallil,male,100
elliot,male,100
shaoji,male,75
pascal,male,98
gagan,male,94
mccall,female,70
magnus,male,99
torgeir,male,100
riva,female,52
changchang,male,60
feifei,female,73
giacomo,male,99
Mahmud,male,98
mochammad,male,100
pingbo,female,67
jim,male,99
angela,female,98
wenqi,female,53
cameron,male,93
sanjay,male,99
mauliana,female,100
finna,female,92
fan,male,63
avery,male,56
hadha,female,67
ruqi,male,67
kiri,female,54
